sample_id,mission,condition,plant_number,harvest_day,crop,Fe,K,Na,P,S,Zn,Ca,Mg,Mn,Cu,phenolics,anthocyanins,orac,micro_apc,micro_ymc
Sample_L_1,VEG-01A,Flight,1,33,lettuce,0.19322833354424,33.82016634691836,1.7480330692978316,6.249201677362833,4.055090661676154,0.0814521322015696,12.001110809610111,5.09375555846125,0.1042253183195138,0.0104211652795737,12.8908549891503,0.9301679350167577,374.30907886127574,3.953680187737712,1.8461517000198877
Sample_L_2,VEG-01A,Flight,2,33,lettuce,0.1626652734380866,26.71950261270978,2.9892992986087084,4.039916978230743,3.526222943826749,0.066462953179585,13.2293053627116,4.356916785444004,0.0768319840130084,0.0103830972952058,8.462382060382174,1.421891692021134,369.0661396397962,3.8021862008558793,2.276918298225519
Sample_L_3,VEG-01A,Flight,3,33,lettuce,0.2318204873316331,34.064478307673376,4.383730074796517,5.866267130314338,3.5540179895758723,0.0516138823402952,10.946826727335427,4.62729888802219,0.0536161321557693,0.0103599553011617,8.868727321648146,1.3032813847641094,338.6164100486304,3.787676096942494,1.8992970126512696
Sample_L_4,VEG-01A,Flight,4,33,lettuce,0.2003531636346966,27.06155566001419,4.4210239302411685,5.629541995246096,2.6360071636260916,0.076606535334454,11.214769034043767,4.414799093203485,0.0896864908711955,0.0144510896234818,15.3318551514834,1.002205111994735,382.7783350297729,4.103780902933257,1.7875269940516505
Sample_L_5,VEG-01A,Flight,5,33,lettuce,0.1363220976878857,37.0609039669307,2.2110953977599013,5.641979467564316,4.491342760570749,0.0557885455588638,13.764282216943954,4.1722537828186335,0.1012826718169253,0.0089981253659979,10.391613755390908,1.126077499517518,360.4311510093125,3.266464044032727,1.8861040817002388
Sample_L_6,VEG-01A,Flight,6,33,lettuce,0.2051959746726034,37.89365423071909,3.9792524737045936,4.370343482559595,4.921921913300068,0.0855447718377311,13.70097431784477,5.410091273594943,0.1019419385385308,0.0091862887877782,12.577550980390887,1.1934817017847474,360.4111781241106,3.9085019085184567,2.2104680416308993
Sample_L_7,VEG-01A,Ground,1,33,lettuce,0.1706525069286119,41.8762636990989,2.462710773322343,6.576382203596353,2.7679023896441857,0.0446757405624071,13.524327511804955,3.533723414326198,0.0883580511714075,0.0138522376424937,8.882055429495344,0.8731303582371822,338.36711246608667,1.9455055029869377,2.068192195563215
Sample_L_8,VEG-01A,Ground,2,33,lettuce,0.0979493604972382,38.99713563228632,2.024547838704494,6.322516886770842,3.045803395977916,0.0653993775815474,12.88878206189339,4.144823637251203,0.073282377101751,0.0122309841685343,8.902342394855546,1.219505906156192,442.4128500537776,4.226543803020212,2.114808134276629
Sample_L_9,VEG-01A,Ground,3,33,lettuce,0.1248136139653069,43.72704237884794,2.318959652692853,6.879603652959732,1.777239473162418,0.0468862574910356,13.286833637501038,4.542716058521576,0.1073990213289507,0.0103695846882839,7.110596381378028,1.4092228078762696,357.9424001801011,2.9470110282456767,1.0432131529243571
Sample_L_10,VEG-01A,Ground,4,33,lettuce,0.1773168590146927,45.24309120140464,3.257764509776549,5.213119904440935,2.337796755614216,0.0630043338462447,13.180257172685373,4.406304711235221,0.0898568040561208,0.0097598734358449,9.173606842078811,1.2602525798313635,504.5770045533315,3.2873629315626816,1.9336930804482515
Sample_L_11,VEG-01A,Ground,5,33,lettuce,0.1993721743153084,43.85161919803125,2.078103621987777,6.285085313518863,1.664703610191108,0.0661490357746241,10.52919621914327,4.948960448653667,0.0970833418442595,0.0107530022409961,9.442032672548867,0.8171712349457485,434.2424620899007,1.846409892239976,0.9016759399792298
Sample_L_12,VEG-01A,Ground,6,33,lettuce,0.1824912327332669,37.237138821132525,1.413183743990727,5.3601576556087585,2.1950450002441872,0.0385930694402469,9.958645294106349,3.3393129828453185,0.1319114680110758,0.0077337014704372,9.201814365856098,1.1719360768830658,293.42039790466833,2.4494174210367725,1.9333612250248755
Sample_L_13,VEG-01B,Flight,1,33,lettuce,0.2025192259658888,36.77552351070697,3.2546728065713513,4.85619482732438,3.7010470078867743,0.0596508106227171,15.356351330495013,4.2260360638975945,0.0737333934562667,0.0072148053876992,11.24629121872379,1.4725026445530482,426.32896775709145,4.437390421391096,2.2984582637020217
Sample_L_14,VEG-01B,Flight,2,33,lettuce,0.1960207976134081,31.021516068107672,5.859292464141768,5.523261801970752,3.637205329609431,0.0888241005752939,9.587205867467476,4.416721895358647,0.0954297426556654,0.0071006748812706,12.879550012258743,1.1347120775337411,367.85960716423585,4.696345211497379,1.8339367750789335
Sample_L_15,VEG-01B,Flight,3,33,lettuce,0.227302748551799,29.04845567906739,3.584140181653849,6.445261672218275,2.7804860379046272,0.0717481742475577,9.667930173391312,3.840950613978652,0.1117609557081326,0.0094906831854013,14.74574072726524,1.372264089427821,334.39889497070106,4.317979698745645,1.457851940248038
Sample_L_16,VEG-01B,Flight,4,33,lettuce,0.2294772949890634,37.35016607260609,2.945803141281201,4.605905203467966,3.0841785015617167,0.070101540474136,6.961870715728267,3.426893845136126,0.0973103838645164,0.0091061119124873,9.885989950765984,0.8541071312153334,408.6465289401468,3.227846989413254,2.2628115325409506
Sample_L_17,VEG-01B,Flight,5,33,lettuce,0.1921966787463685,37.60024569242377,4.034334822772658,4.357408913118351,5.2357730362167585,0.0638712476012676,13.647084187263909,3.098860333751191,0.1125749077503953,0.0105387640367098,10.27857094550392,1.2557551401329736,465.08367592711977,4.534031549089205,1.0403057499867432
Sample_L_18,VEG-01B,Flight,6,33,lettuce,0.2272272171584153,32.50044195719891,3.501664308842642,4.660890272674302,3.972029108616521,0.0777408142504171,10.810689836612436,3.7947368678750903,0.0936720421877058,0.0091610398721358,10.335487194975531,1.0861513762714965,319.5542787676411,3.23185607983082,1.9888839624685992
Sample_L_19,VEG-01B,Ground,1,33,lettuce,0.1737455067263197,34.18205226805805,1.8983555357048176,5.488438509896676,3.310104877500481,0.0510704342605671,12.742126063870984,4.334433572681076,0.0940432492522681,0.0144743706096492,8.835043283551672,1.48998915045455,372.64418102273936,3.3082909046984508,2.118954079546402
Sample_L_20,VEG-01B,Ground,2,33,lettuce,0.1720747883266147,31.40122004629083,1.6007768134337788,4.892992319124366,2.854831209551306,0.0434160294281537,14.546985367744648,4.3383976967987685,0.1332374342298996,0.0093820777094227,7.21785995217924,1.5438785972615747,528.803710351702,4.780982441964431,1.7727168910713738
Sample_L_21,VEG-01B,Ground,3,33,lettuce,0.17003169647071,48.94638519855163,2.245946627119118,6.400118839386156,4.173608132011277,0.0490272781750025,12.462298824242678,5.166831589810036,0.1053771223139903,0.0092205603728282,8.162033077448992,1.6974729172478598,366.9673750940528,3.257780205873919,1.8037534980156655
Sample_L_22,VEG-01B,Ground,4,33,lettuce,0.1744068721038103,33.3605819211435,2.669372638174933,4.971988525407546,2.5390480359941803,0.0362583823452225,12.383238931300344,5.073877584509011,0.1084213830909962,0.0089122713182489,8.703789094810666,1.1044170374235671,367.977939213607,2.9545420438116907,1.2222468910382391
Sample_L_23,VEG-01B,Ground,5,33,lettuce,0.1779406204311575,41.50337378077485,1.1534384132252575,5.890700878302696,1.7296919480566242,0.0607530752721196,11.702639083519468,3.9317407076875774,0.070134687684788,0.0117917860155966,7.817838540621486,1.3730258247600904,417.9822667862333,3.871118073090136,0.8404903044663137
Sample_L_24,VEG-01B,Ground,6,33,lettuce,0.1593302026980627,44.25047170999707,2.214293302604969,5.777985002754178,3.501786941712929,0.0494104660168545,8.216783639134903,4.185999910080254,0.1275094270848928,0.0129873087900027,9.6959421749794,1.4039628356047666,383.1749060834762,3.383006317533902,2.9402389287608104
Sample_L_25,VEG-03A,Flight,1,33,lettuce,0.2081060594501767,32.004303725400824,4.399413316843586,6.654421695100441,4.19031298910943,0.075404766134941,13.643155781627636,3.444895497697241,0.1316251445753278,0.0135602685926097,13.76749487331642,1.3147062069476037,467.19222803674774,3.244622167135114,2.306641240882947
Sample_L_26,VEG-03A,Flight,2,33,lettuce,0.2451564797004917,30.574365029806177,3.147953089465384,6.0192358854155605,3.3750786931184455,0.0796101016869707,13.03608171316037,6.042880312063532,0.1155508478778601,0.0078673532138496,15.838833713838468,2.0714287387480033,430.642267634802,3.765567646586859,2.0958365685581004
Sample_L_27,VEG-03A,Flight,3,33,lettuce,0.1675771673924472,39.0852262492903,3.453011093278388,5.435893333971632,3.4699140007202938,0.0607524138597847,12.620440378619763,4.128309439564427,0.0878228691052721,0.0119092044392316,11.374408574965022,1.5240379437008638,352.85618500785284,3.4470067518911143,1.8466595641503705
Sample_L_28,VEG-03A,Flight,4,33,lettuce,0.1525804813775061,27.82738544633828,3.625391334434029,5.192923600398878,3.867637599695565,0.0838540991062835,10.46462872531543,4.502087707531664,0.0876797478750902,0.0122523922285869,10.974718748738065,1.1194312670150262,378.013950936312,4.113396292185695,1.9029968366768908
Sample_L_29,VEG-03A,Flight,5,33,lettuce,0.2396383194254987,30.376962580657786,3.677062106278473,5.456208821275847,4.1217770380704035,0.0852063862298346,9.796138256129607,4.290065789299208,0.0840289418155489,0.0117077268546056,9.518794107770292,1.2487762358728869,344.22923683538016,2.920173098057469,2.1319249091996992
Sample_L_30,VEG-03A,Flight,6,33,lettuce,0.2431623598605044,29.660091306334085,4.707044863798472,3.9550256674357818,5.595087886763446,0.0662438750835759,11.352851845306816,3.779399873952481,0.1188827410500335,0.0113870766369903,11.665837762863026,1.2916993014608575,411.55681962385023,4.911770299641264,2.0813386172777752
Sample_L_31,VEG-03A,Ground,1,33,lettuce,0.1367287452476957,50.05863054973562,1.9471870891695455,7.167314056541383,3.7818710514497544,0.0342844937629967,9.666381382966824,5.156904678486415,0.0969285533171382,0.0103145867166655,6.218589277209373,0.8678662432064658,473.83994476039504,2.8534505898334137,1.1077029207777116
Sample_L_32,VEG-03A,Ground,2,33,lettuce,0.1579670864887802,40.516831017665105,1.919410292535386,6.650228000786398,3.308006132977535,0.0484707305642449,11.836239767538537,3.9357867575479553,0.1046427532206848,0.0092111770441977,8.235402076597422,1.2399983511553985,370.58097611101806,3.710435908119296,1.2974418119823306
Sample_L_33,VEG-03A,Ground,3,33,lettuce,0.1466090062276646,39.866139696927085,2.0140815533126015,7.938905907875229,3.245813416235061,0.0520828132031146,11.157977636530706,3.562542226094671,0.0828603639046136,0.0064110449035495,11.378809452776826,1.1403582462263724,416.1997695880533,4.694777246356238,1.1214325383799837
Sample_L_34,VEG-03A,Ground,4,33,lettuce,0.16772551509279,41.20414499032589,2.718615390607289,6.391876290240863,3.9553189462119422,0.054439981431675,12.713251355036906,4.492372116382026,0.1201049750860273,0.0113297313356393,8.567088369735883,1.350905170883729,412.07517527637737,3.7032144680742944,2.617635314966713
Sample_L_35,VEG-03A,Ground,5,33,lettuce,0.1654319283746279,43.11038538913762,1.4432878344073403,6.775840747044042,2.8496271652056606,0.0510409109621008,11.904270897673,5.049227683193967,0.1194987470578913,0.010045708699431,6.502133644550866,0.911816691420784,352.2131461711763,4.177000989728366,1.745200731203258
Sample_L_36,VEG-03A,Ground,6,33,lettuce,0.1451488462784236,40.471162943020495,1.6113264508725136,7.3883053483778545,2.238773429244997,0.0594948559962066,9.693667669307734,4.989443496933556,0.1117806564426716,0.0120923556716407,11.302648776217668,1.179992003687092,382.17451266218006,3.5363146224665707,1.5974387153835876
Sample_M_1,VEG-04A,Flight,1,28,mizuna,0.2684022722017044,46.55916636938603,8.18515745959767,5.933604363506909,9.851984079323463,0.0826425120889816,20.55878316325946,6.047863502102973,0.1335266322527416,0.0112220831585187,10.47096491762442,0.979485408613226,510.377093175348,4.206584496819226,2.223531433501941
Sample_M_2,VEG-04A,Flight,2,28,mizuna,0.2316316166170912,37.142778082561634,5.986972735176777,7.46288478708033,8.267680268749215,0.0908009734419996,18.404159997937494,5.087855531906158,0.1826424931539222,0.0094197895493005,12.34974305222195,1.25756931336196,382.4925346860921,5.123960887799831,2.0309885214776826
Sample_M_3,VEG-04A,Flight,3,28,mizuna,0.1765734237009704,43.03274027368011,4.643952676841554,8.327487814127027,8.019538499057367,0.0697988846762341,24.92575835734279,7.279796669216855,0.131395926707874,0.0106972178289526,12.302188229115805,0.7974740917691432,352.0372511913231,4.384129699496569,2.529240589043221
Sample_M_4,VEG-04A,Flight,4,28,mizuna,0.2296422972642994,39.64693015281614,6.1004583173134534,6.299457437963144,7.553361315972973,0.0944899530028322,18.635743648524983,5.887175366156689,0.1235075691150871,0.0108338723443704,16.180518097883443,0.8643366179611255,489.5725956967608,4.362327000726226,1.6046838280880396
Sample_M_5,VEG-04A,Flight,5,28,mizuna,0.2436619216049788,37.81491982075492,5.648170273222912,7.872482652080758,6.699630991152118,0.0732963626548255,20.231670962749064,6.311867395762005,0.1269309801477949,0.0170773992121818,12.740580686169704,1.1412357339930124,451.051668306765,3.7496024051088783,1.4553312968059275
Sample_M_6,VEG-04A,Flight,6,28,mizuna,0.1908987981230233,36.69487821263617,5.271046485265372,5.83175950654791,8.661118535097422,0.1121983350147399,23.02413447844345,5.488407644341351,0.1696263419645498,0.0089980321597439,13.159600285791653,1.0774976029375551,566.187815321606,5.257721287392551,3.0607824643650754
Sample_M_7,VEG-04A,Ground,1,28,mizuna,0.1510065997450732,41.52710947097274,3.752814047284544,8.184964151262124,6.3828565613300245,0.0568026807928073,18.5059349657646,5.967428752908395,0.1278489075754167,0.0107864150769136,9.36007857711313,1.0702464191996162,473.8564042457165,3.489885856334351,1.324167314595833
Sample_M_8,VEG-04A,Ground,2,28,mizuna,0.1275609196693139,47.452956982685926,3.6476132006982818,5.420549513319868,6.964680272892098,0.0808374923497341,26.414336193285305,5.588010629244473,0.156863894597732,0.0104127385559656,12.863000317075798,0.7426108089315963,358.5378902674425,3.4154780007251886,0.8761547070743524
Sample_M_9,VEG-04A,Ground,3,28,mizuna,0.1440737106260936,65.08572078128442,3.5184089630907134,8.611401493605843,5.623927070490645,0.0641679029040315,18.035434365508497,4.293064966702615,0.1212284598853485,0.0163870212359593,12.901626146010052,0.7962713895627441,463.49157258985406,2.4249742706386104,1.090540398502804
Sample_M_10,VEG-04A,Ground,4,28,mizuna,0.1819338769668221,45.91844763313069,2.949936801396464,8.081771266727825,7.336851183267797,0.0878474743558999,23.08366501333756,5.3380374297294315,0.1725924485945461,0.0129252643394241,14.79583558309381,0.7345939077032497,412.4732334797814,3.31143786610927,1.465845548331964
Sample_M_11,VEG-04A,Ground,5,28,mizuna,0.19769239778919,49.46586052636513,3.665118587721028,8.93402232421529,6.423064758337785,0.0667260464433883,24.594073850137708,5.728249047594078,0.1151728676403205,0.0134422332752266,6.463249599357029,0.3690791366788214,399.95829204109185,4.299446558942271,2.406853111918034
Sample_M_12,VEG-04A,Ground,6,28,mizuna,0.1739550323297853,53.71975934511097,2.665174080969979,7.338029036136452,4.765759602410655,0.0599375171469463,21.57293341453187,6.507315922808221,0.11403244936103,0.0142699161761275,8.997808678496831,1.1702091218898774,495.4710198917548,3.952895594163979,2.4557901009700496
Sample_M_13,VEG-04B,Flight,1,28,mizuna,0.1588022139947921,37.48249615274388,4.465271315381505,8.840188143895817,7.251564932005137,0.0461074450745794,22.47234628184443,6.936712087800513,0.1873680400194592,0.0154017780578983,12.57234583135634,0.7618112319378973,399.9316146303521,4.11663972858932,1.9299220261155652
Sample_M_14,VEG-04B,Flight,2,28,mizuna,0.2230689379508594,39.453187825305655,7.420529198119924,6.433800353850297,6.614447815475142,0.1147642463223355,21.702341765887542,7.381549214386585,0.1443153398494449,0.0113866624554834,12.245641876150904,0.8688683785806084,421.6676755814941,4.506364588697803,2.1753840996549005
Sample_M_15,VEG-04B,Flight,3,28,mizuna,0.2099112735096465,41.24321080056547,4.980146418245454,8.404037510672307,6.214586750354795,0.0610157968268575,26.108229773933353,6.9219949942414765,0.1506529423087616,0.0093189770299865,11.502137591918522,0.5848878455926079,338.35234326790146,4.777360331898662,2.7867918933366687
Sample_M_16,VEG-04B,Flight,4,28,mizuna,0.282364092792799,39.972345101841675,6.808164483792308,8.683930451965992,7.109214017696394,0.0711828545948581,22.28580035244864,7.715927120646474,0.1246881393868192,0.0106194875772764,11.07388349153646,0.8922876737310155,452.88637078987847,4.563832377873542,1.992433758086957
Sample_M_17,VEG-04B,Flight,5,28,mizuna,0.2514928978917319,33.4419721254493,5.341504400246302,8.96599427212523,7.255735808585099,0.0966795656809839,23.53364514663891,6.865048177654945,0.1287352426977242,0.0145439368009506,13.19984278513003,0.9718606307208474,392.7524221056864,5.309903478444451,2.4078089191920355
Sample_M_18,VEG-04B,Flight,6,28,mizuna,0.2154946613189211,30.188145270385643,6.677433423056256,5.237192862659054,7.983760771632901,0.079926571163452,23.181137989550493,5.340026887540277,0.1689537846829372,0.0078832651645621,13.365536210937044,1.0465466161338528,435.3278196404969,4.08782163142044,1.7462217254581691
Sample_M_19,VEG-04B,Ground,1,28,mizuna,0.1957166387518621,40.08961743164374,3.689875977941808,10.316871581849306,6.968956608839771,0.0611857937852395,16.502647503181727,5.814791960050552,0.1253928606838534,0.0112103958264347,10.896898867129378,0.7322214300015796,447.46757254067165,3.3996366310169424,1.3186841707254509
Sample_M_20,VEG-04B,Ground,2,28,mizuna,0.1526281190549064,43.356101506829816,4.389211068842971,9.721803987757951,6.3051151880937955,0.0797203933417007,26.99916394897128,5.887382508786726,0.1415757778704848,0.0081375559812574,5.74954218329032,0.9868573543441992,469.7260119234233,3.740683124131336,0.6403106257047195
Sample_M_21,VEG-04B,Ground,3,28,mizuna,0.2021114958126209,50.06523856756608,4.3971396001123,10.159402407123029,5.3802817063947135,0.0563455280986035,22.545781498028457,5.046520531810145,0.1221790139739121,0.0131263428555453,5.502134046467991,0.8615689087081105,419.8302499594528,3.305206826999616,2.0456215932534394
Sample_M_22,VEG-04B,Ground,4,28,mizuna,0.169063754335948,42.58466093052055,2.0602206124182856,8.61311811177934,6.956230364487787,0.0567445260063973,20.52685253017677,6.641039502973978,0.2352401180902453,0.0105277145877842,4.649558490091258,0.5751504417120848,418.1944098358679,4.44929163404634,0.3505647821121634
Sample_M_23,VEG-04B,Ground,5,28,mizuna,0.2144172101204007,44.007870875735314,2.514341200735618,9.417126534034097,7.447960062711217,0.0734627351936072,18.905918158830303,5.721485273028736,0.14174824466814,0.0051893289117238,11.642700263204055,0.9148979442086892,544.6474438465748,2.9216429487902884,1.4908386804312084
Sample_M_24,VEG-04B,Ground,6,28,mizuna,0.1582780997798582,50.267493297323504,3.3252743587925555,7.272396243297854,6.019108666395395,0.0719150754360775,20.57132057212659,5.238197984318616,0.1188130190496615,0.0112484193308574,9.414770799283712,0.8789706568146985,434.8601784114091,3.9519386741689657,2.145751271912838
